"","Content","TrustFund200512","AssetFund1.200512","AssetFund2.200512","TrustFund200612","AssetFund1.200612","AssetFund2.200612","TrustFund200712","AssetFund1.200712","AssetFund2.200712","TrustFund200812","AssetFund1.200812","AssetFund2.200812","TrustFund200912","AssetFund1.200912","AssetFund2.200912"
"1","Cash",2479,42,431,9236,17,106,1615,8,212,NA,NA,NA,NA,NA,NA
"2","Debt securities",947288,2215,64073,1029019,1896,57161,994346,2028,64221,7456,9,150,14144,24,268
"3","Equities",0,0,0,0,0,0,0,0,0,1295460,1995,77328,1507000,1655,81534
"4","Units in trusts",0,0,0,0,0,0,0,0,0,0,0,0,0,0,0
"5","Other",0,0,0,0,0,0,0,0,0,0,0,0,0,0,0
"6","Total",949767,2257,64504,1038255,1913,57267,995961,2036,64433,16411,0,0,5143,0,0
